,Unnamed: 0,State,Delivered,Administered,Percentage ,id,code,Popu
0,0,Alaska,271550,199151,27.22334238,2,AK,731545
1,1,Alabama,1032175,672038,13.70615223,1,AL,4903185
2,2,Arkansas,664225,490737,16.26139405,5,AR,3017804
3,3,Arizona,1396475,1202770,16.52447815,4,AZ,7278717
4,4,California,8722400,6496140,16.44083655,6,CA,39512223
5,5,Colorado,1282300,1053041,18.28597456,8,CO,5758736
6,6,Connecticut,922075,767183,21.51812743,9,CT,3565287
7,7,District of Columbia,193900,130437,18.48206657,11,DC,705749
8,8,Delaware,189050,159845,16.41516836,10,DE,973764
9,9,Florida,4700950,3819224,17.78224587,12,FL,21477737
10,11,Georgia,2145525,1569216,14.77963155,13,GA,10617423
11,13,Hawaii,320950,247392,17.4727659,15,HI,1415872
12,14,Iowa,648600,507650,16.08997582,19,IA,3155070
13,15,Idaho,336650,278474,15.5827572,16,ID,1787065
14,16,Illinois,2706400,2037388,16.07809959,17,IL,12671821
15,17,Indiana,1452900,1125976,16.72518378,18,IN,6732219
16,18,Kansas,581975,417825,14.3419144,20,KS,2913314
17,19,Kentucky,950600,726168,16.25383057,21,KY,4467673
18,20,Louisiana,928425,795511,17.11220157,22,LA,4648794
19,21,Massachusetts,1526150,1214821,17.62525167,25,MA,6892503
20,22,Maryland,1249925,930567,15.39226357,24,MD,6045680
21,23,Maine,321850,242445,18.0362175,23,ME,1344212
22,25,Michigan,2174800,1718790,17.21051979,26,MI,9986857
23,26,Minnesota,1200250,957275,16.97406852,27,MN,5639632
24,27,Missouri,1144775,915475,14.9162646,29,MO,6137428
25,29,Mississippi,616050,438364,14.72923567,28,MS,2976149
26,30,Montana,208225,190070,17.78386157,30,MT,1068778
27,31,North Carolina,2119250,1782267,16.99325635,37,NC,10488084
28,32,North Dakota,163150,156751,20.56932376,38,ND,762062
29,33,Nebraska,427000,305057,15.77004438,31,NE,1934408
30,34,New Hampshire,321625,226863,16.68464843,33,NH,1359711
31,35,New Jersey,1790200,1542174,17.36254235,34,NJ,8882190
32,36,New Mexico,454450,456034,21.74874537,35,NM,2096829
33,37,Nevada,593275,466981,15.16095289,32,NV,3080156
34,38,Ohio,2402050,1861434,15.92452798,39,OH,11689100
35,39,Oklahoma,816650,700440,17.70141859,40,OK,3956971
36,40,Oregon,878600,708570,16.79976727,41,OR,4217737
37,41,Pennsylvania,2731050,2002786,15.64433464,42,PA,12801989
38,42,Puerto Rico,733200,408058,12.77699116,72,PR,3193694
39,43,Rhode Island,234500,159931,15.09693107,44,RI,1059361
40,44,South Carolina,939350,778113,15.11276408,45,SC,5148714
41,45,South Dakota,197050,171175,19.34926339,46,SD,884659
42,46,Tennessee,1410500,1014351,14.85320187,47,TN,6829174
43,47,Texas,5258675,4333726,14.94600561,48,TX,28995881
44,48,Utah,618325,551742,17.20989483,49,UT,3205958
45,49,Virginia,1714800,1503786,17.61797964,51,VA,8535519
46,50,Vermont,151350,118184,18.94007747,50,VT,623989
47,51,Washington,1500325,1255764,16.49089488,53,WA,7614893
48,52,Wisconsin,1243125,1040145,17.86443608,55,WI,5822434
49,53,West Virginia,441500,403532,22.51667971,54,WV,1792147
50,54,Wyoming,127075,105426,18.2158722,56,WY,578759
51,10,Federated States of Micronesia,30000,11119,10.6434,64,FM,"1,04,468"
52,12,Guam,51300,42671,27.27887,66,GU,"1,68,801"
53,24,Marshall Islands,21000,6760,10.9032258,68,MH,62000
54,28,Northern Mariana Islands,29650,15112,29.25337,69,MP,"	51,659"
